istaigos_kodas;gydytojo_ID;laisvos_registracijos;iraso_sukurimo_data
302692454;30000382;2026-10-09 07:30;2026-10-09 01:37:52
302692454;30000279;2026-10-09 09:00;2026-10-09 01:37:52
302692454;40000223;2026-10-09 10:15;2026-10-09 01:37:52
302692454;30000069;2026-10-09 11:15;2026-10-09 01:37:52
302692454;30000041;2026-10-09 14:00;2026-10-09 01:37:52
302692454;30000382;2026-10-12 07:30;2026-10-09 01:37:52
302692454;40000223;2026-10-12 10:15;2026-10-09 01:37:52
302692454;30000041;2026-10-12 11:15;2026-10-09 01:37:52
302692454;30000279;2026-10-12 13:30;2026-10-09 01:37:52
302692454;30000069;2026-10-12 14:00;2026-10-09 01:37:52
302692454;40000059;2026-10-12 14:00;2026-10-09 01:37:52
302692454;30000279;2026-10-13 09:00;2026-10-09 01:37:52
302692454;40000223;2026-10-13 10:15;2026-10-09 01:37:52
302692454;30000018;2026-10-13 10:45;2026-10-09 01:37:52
302692454;30000069;2026-10-13 11:15;2026-10-09 01:37:52
302692454;40000059;2026-10-13 11:15;2026-10-09 01:37:52
302692454;30000041;2026-10-13 14:00;2026-10-09 01:37:52
302692454;30000382;2026-10-13 17:00;2026-10-09 01:37:52
302692454;30000382;2026-10-14 07:30;2026-10-09 01:37:52
302692454;30000041;2026-10-14 09:45;2026-10-09 01:37:52
302692454;40000223;2026-10-14 10:15;2026-10-09 01:37:52
302692454;30000018;2026-10-14 10:45;2026-10-09 01:37:52
302692454;30000069;2026-10-14 14:00;2026-10-09 01:37:52
302692454;40000059;2026-10-14 14:00;2026-10-09 01:37:52
302692454;30000382;2026-10-15 07:30;2026-10-09 01:37:52
302692454;30000279;2026-10-15 09:00;2026-10-09 01:37:52
302692454;40000223;2026-10-15 10:15;2026-10-09 01:37:52
302692454;30000018;2026-10-15 10:45;2026-10-09 01:37:52
302692454;30000069;2026-10-15 11:15;2026-10-09 01:37:52
302692454;30000041;2026-10-15 14:00;2026-10-09 01:37:52
302692454;30000382;2026-10-16 07:30;2026-10-09 01:37:52
302692454;40000179;2026-10-16 09:45;2026-10-09 01:37:52
302692454;40000223;2026-10-16 10:15;2026-10-09 01:37:52
302692454;30000069;2026-10-16 11:15;2026-10-09 01:37:52
302692454;30000041;2026-10-16 11:15;2026-10-09 01:37:52
302692454;30000279;2026-10-16 13:30;2026-10-09 01:37:52
302692454;40000059;2026-10-16 14:00;2026-10-09 01:37:52
302692454;30000382;2026-10-19 07:30;2026-10-09 01:37:52
302692454;30000279;2026-10-19 09:00;2026-10-09 01:37:52
302692454;40000223;2026-10-19 10:15;2026-10-09 01:37:52
302692454;30000018;2026-10-19 10:45;2026-10-09 01:37:52
302692454;40000059;2026-10-19 11:15;2026-10-09 01:37:52
302692454;40000179;2026-10-19 13:00;2026-10-09 01:37:52
302692454;30000069;2026-10-19 14:00;2026-10-09 01:37:52
302692454;30000041;2026-10-19 14:00;2026-10-09 01:37:52
302692454;40000223;2026-10-19 14:00;2026-10-09 01:37:52
302692454;40000179;2026-10-20 09:45;2026-10-09 01:37:52
302692454;30000069;2026-10-20 11:15;2026-10-09 01:37:52
302692454;30000041;2026-10-20 11:15;2026-10-09 01:37:52
302692454;30000279;2026-10-20 13:30;2026-10-09 01:37:52
302692454;30000382;2026-10-20 13:45;2026-10-09 01:37:52
302692454;40000223;2026-10-20 13:45;2026-10-09 01:37:52
302692454;40000223;2026-10-20 15:15;2026-10-09 01:37:52
302692454;40000223;2026-10-20 15:30;2026-10-09 01:37:52
302692454;40000223;2026-10-20 15:45;2026-10-09 01:37:52
302692454;40000223;2026-10-20 17:00;2026-10-09 01:37:52
302692454;40000223;2026-10-20 17:15;2026-10-09 01:37:52
302692454;30000382;2026-10-21 07:30;2026-10-09 01:37:52
302692454;30000279;2026-10-21 09:00;2026-10-09 01:37:52
302692454;30000018;2026-10-21 10:45;2026-10-09 01:37:52
302692454;40000059;2026-10-21 11:15;2026-10-09 01:37:52
302692454;40000179;2026-10-21 13:00;2026-10-09 01:37:52
302692454;40000223;2026-10-21 13:45;2026-10-09 01:37:52
302692454;30000069;2026-10-21 14:00;2026-10-09 01:37:52
302692454;30000041;2026-10-21 14:00;2026-10-09 01:37:52
302692454;40000223;2026-10-21 14:15;2026-10-09 01:37:52
302692454;40000223;2026-10-21 14:30;2026-10-09 01:37:52
302692454;40000223;2026-10-21 14:45;2026-10-09 01:37:52
302692454;40000223;2026-10-21 15:15;2026-10-09 01:37:52
302692454;40000223;2026-10-21 15:45;2026-10-09 01:37:52
302692454;30000041;2026-10-21 16:00;2026-10-09 01:37:52
302692454;40000223;2026-10-21 16:30;2026-10-09 01:37:52
302692454;40000223;2026-10-21 17:00;2026-10-09 01:37:52
302692454;40000223;2026-10-21 17:15;2026-10-09 01:37:52
302692454;30000382;2026-10-22 07:30;2026-10-09 01:37:52
302692454;40000223;2026-10-22 10:15;2026-10-09 01:37:52
302692454;30000018;2026-10-22 10:45;2026-10-09 01:37:52
302692454;30000069;2026-10-22 11:15;2026-10-09 01:37:52
302692454;30000041;2026-10-22 11:15;2026-10-09 01:37:52
302692454;40000223;2026-10-22 12:45;2026-10-09 01:37:52
302692454;40000223;2026-10-22 13:15;2026-10-09 01:37:52
302692454;30000279;2026-10-22 13:30;2026-10-09 01:37:52
302692454;40000223;2026-10-22 13:30;2026-10-09 01:37:52
302692454;40000223;2026-10-22 13:45;2026-10-09 01:37:52
302692454;40000059;2026-10-22 14:00;2026-10-09 01:37:52
302692454;40000223;2026-10-22 14:00;2026-10-09 01:37:52
302692454;30000382;2026-10-23 07:30;2026-10-09 01:37:52
302692454;40000223;2026-10-23 09:15;2026-10-09 01:37:52
302692454;40000223;2026-10-23 09:30;2026-10-09 01:37:52
302692454;40000223;2026-10-23 09:45;2026-10-09 01:37:52
302692454;40000223;2026-10-23 10:15;2026-10-09 01:37:52
302692454;40000059;2026-10-23 11:15;2026-10-09 01:37:52
302692454;40000223;2026-10-23 12:45;2026-10-09 01:37:52
302692454;40000179;2026-10-23 13:00;2026-10-09 01:37:52
302692454;40000223;2026-10-23 13:00;2026-10-09 01:37:52
302692454;40000223;2026-10-23 13:15;2026-10-09 01:37:52
302692454;40000223;2026-10-23 13:30;2026-10-09 01:37:52
302692454;40000223;2026-10-23 13:45;2026-10-09 01:37:52
302692454;30000041;2026-10-23 14:00;2026-10-09 01:37:52
302692454;40000223;2026-10-23 14:00;2026-10-09 01:37:52
302692454;30000382;2026-10-26 07:30;2026-10-09 01:37:52
302692454;40000179;2026-10-26 09:45;2026-10-09 01:37:52
302692454;30000018;2026-10-26 10:45;2026-10-09 01:37:52
302692454;30000041;2026-10-26 11:15;2026-10-09 01:37:52
302692454;30000279;2026-10-26 13:30;2026-10-09 01:37:52
302692454;40000223;2026-10-26 13:45;2026-10-09 01:37:52
302692454;40000059;2026-10-26 14:00;2026-10-09 01:37:52
302692454;40000223;2026-10-26 14:45;2026-10-09 01:37:52
302692454;40000223;2026-10-26 15:00;2026-10-09 01:37:52
302692454;40000223;2026-10-26 15:15;2026-10-09 01:37:52
302692454;40000223;2026-10-26 15:30;2026-10-09 01:37:52
302692454;40000223;2026-10-26 15:45;2026-10-09 01:37:52
302692454;40000223;2026-10-26 16:30;2026-10-09 01:37:52
302692454;40000223;2026-10-26 16:45;2026-10-09 01:37:52
302692454;30000279;2026-10-27 08:45;2026-10-09 01:37:52
302692454;30000279;2026-10-27 09:00;2026-10-09 01:37:52
302692454;30000018;2026-10-27 10:45;2026-10-09 01:37:52
302692454;40000059;2026-10-27 11:15;2026-10-09 01:37:52
302692454;40000179;2026-10-27 13:00;2026-10-09 01:37:52
302692454;30000382;2026-10-27 13:45;2026-10-09 01:37:52
302692454;40000223;2026-10-27 13:45;2026-10-09 01:37:52
302692454;40000223;2026-10-27 15:30;2026-10-09 01:37:52
302692454;40000223;2026-10-27 15:45;2026-10-09 01:37:52
302692454;40000223;2026-10-27 16:30;2026-10-09 01:37:52
302692454;30000382;2026-10-28 07:30;2026-10-09 01:37:52
302692454;40000179;2026-10-28 09:45;2026-10-09 01:37:52
302692454;30000018;2026-10-28 10:45;2026-10-09 01:37:52
302692454;30000041;2026-10-28 11:15;2026-10-09 01:37:52
302692454;40000223;2026-10-28 12:45;2026-10-09 01:37:52
302692454;40000223;2026-10-28 13:15;2026-10-09 01:37:52
302692454;30000279;2026-10-28 13:30;2026-10-09 01:37:52
302692454;40000223;2026-10-28 13:30;2026-10-09 01:37:52
302692454;40000059;2026-10-28 14:00;2026-10-09 01:37:52
302692454;30000382;2026-10-29 07:30;2026-10-09 01:37:52
302692454;30000279;2026-10-29 08:45;2026-10-09 01:37:52
302692454;30000279;2026-10-29 09:00;2026-10-09 01:37:52
302692454;30000018;2026-10-29 10:45;2026-10-09 01:37:52
302692454;40000059;2026-10-29 11:15;2026-10-09 01:37:52
302692454;40000179;2026-10-29 13:00;2026-10-09 01:37:52
302692454;30000041;2026-10-29 14:00;2026-10-09 01:37:52
302692454;30000382;2026-10-30 07:30;2026-10-09 01:37:52
302692454;40000179;2026-10-30 09:45;2026-10-09 01:37:52
302692454;30000018;2026-10-30 10:45;2026-10-09 01:37:52
302692454;30000041;2026-10-30 11:15;2026-10-09 01:37:52
302692454;30000279;2026-10-30 11:45;2026-10-09 01:37:52
302692454;30000279;2026-10-30 13:30;2026-10-09 01:37:52
302692454;40000059;2026-10-30 14:00;2026-10-09 01:37:52
302692454;30000279;2026-11-03 08:45;2026-10-09 01:37:52
302692454;30000279;2026-11-03 09:00;2026-10-09 01:37:52
302692454;30000018;2026-11-03 10:45;2026-10-09 01:37:52
302692454;40000059;2026-11-03 11:15;2026-10-09 01:37:52
302692454;40000179;2026-11-03 13:00;2026-10-09 01:37:52
302692454;30000041;2026-11-03 14:00;2026-10-09 01:37:52
302692454;40000179;2026-11-04 09:45;2026-10-09 01:37:52
302692454;30000018;2026-11-04 10:45;2026-10-09 01:37:52
302692454;30000041;2026-11-04 11:15;2026-10-09 01:37:52
302692454;30000279;2026-11-04 12:30;2026-10-09 01:37:52
302692454;40000059;2026-11-04 14:00;2026-10-09 01:37:52
302692454;40000059;2026-11-05 07:15;2026-10-09 01:37:52
302692454;40000059;2026-11-05 07:30;2026-10-09 01:37:52
302692454;40000059;2026-11-05 07:45;2026-10-09 01:37:52
302692454;40000059;2026-11-05 08:15;2026-10-09 01:37:52
302692454;40000059;2026-11-05 08:30;2026-10-09 01:37:52
302692454;30000279;2026-11-05 08:30;2026-10-09 01:37:52
302692454;30000018;2026-11-05 10:45;2026-10-09 01:37:52
302692454;40000059;2026-11-05 11:15;2026-10-09 01:37:52
302692454;40000179;2026-11-05 13:00;2026-10-09 01:37:52
302692454;30000041;2026-11-05 14:00;2026-10-09 01:37:52
302692454;40000179;2026-11-05 17:00;2026-10-09 01:37:52
302692454;40000179;2026-11-05 17:15;2026-10-09 01:37:52
302692454;40000179;2026-11-05 17:30;2026-10-09 01:37:52
302692454;40000179;2026-11-06 07:15;2026-10-09 01:37:52
302692454;40000179;2026-11-06 07:30;2026-10-09 01:37:52
302692454;30000382;2026-11-06 07:30;2026-10-09 01:37:52
302692454;40000179;2026-11-06 07:45;2026-10-09 01:37:52
302692454;30000382;2026-11-06 07:45;2026-10-09 01:37:52
302692454;30000382;2026-11-06 08:00;2026-10-09 01:37:52
302692454;40000179;2026-11-06 08:15;2026-10-09 01:37:52
302692454;30000382;2026-11-06 08:15;2026-10-09 01:37:52
302692454;40000179;2026-11-06 08:30;2026-10-09 01:37:52
302692454;30000382;2026-11-06 08:30;2026-10-09 01:37:52
302692454;40000179;2026-11-06 08:45;2026-10-09 01:37:52
302692454;30000382;2026-11-06 08:45;2026-10-09 01:37:52
302692454;30000382;2026-11-06 09:00;2026-10-09 01:37:52
302692454;40000179;2026-11-06 09:15;2026-10-09 01:37:52
302692454;30000382;2026-11-06 09:15;2026-10-09 01:37:52
302692454;40000179;2026-11-06 09:45;2026-10-09 01:37:52
302692454;30000018;2026-11-06 10:30;2026-10-09 01:37:52
302692454;30000018;2026-11-06 10:45;2026-10-09 01:37:52
302692454;30000041;2026-11-06 11:15;2026-10-09 01:37:52
302692454;30000279;2026-11-06 13:30;2026-10-09 01:37:52
302692454;40000059;2026-11-06 14:00;2026-10-09 01:37:52
302692454;40000059;2026-11-06 14:15;2026-10-09 01:37:52
302692454;40000059;2026-11-06 14:45;2026-10-09 01:37:52
302692454;40000059;2026-11-06 15:00;2026-10-09 01:37:52
302692454;40000059;2026-11-06 15:15;2026-10-09 01:37:52
302692454;40000059;2026-11-06 15:30;2026-10-09 01:37:52
